[
	{
		"codeDescriptorWatches": [
			{
				"path": "[class]/Contacts/returnData",
				"watches": [
					{
						"type": 66,
						"formula": "$response"
					}
				]
			},
			{
				"path": "[class]/DataStore/readInstructions",
				"watches": [
					{
						"type": 66,
						"formula": "$fileContent"
					}
				]
			},
			{
				"path": "[class]/DataStore/returnData",
				"watches": [
					{
						"type": 66,
						"formula": "$response",
						"expanded": true
					}
				]
			},
			{
				"path": "[class]/GroqHandler/generateData",
				"watches": [
					{
						"type": 66,
						"formula": "$query"
					},
					{
						"type": 66,
						"formula": "$result"
					},
					{
						"type": 66,
						"formula": "EXECUTE FORMULA:C63($query)"
					},
					{
						"type": 66,
						"formula": "$output"
					},
					{
						"type": 66,
						"formula": "ds:C1482.Contacts.query(\"age > :1\"; 50).all()"
					},
					{
						"type": 66,
						"formula": "ds:C1482.Contacts.query(\"age > :1\"; 50)"
					}
				]
			},
			{
				"path": "[class]/GroqHandler/generateText",
				"watches": [
					{
						"type": 66,
						"formula": "$content"
					},
					{
						"type": 66,
						"formula": "$startPos"
					},
					{
						"type": 66,
						"formula": "$endPos"
					},
					{
						"type": 66,
						"formula": "JSON Parse:C1218($content).fields"
					},
					{
						"type": 66,
						"formula": "JSON Parse:C1218($content).dataclass"
					},
					{
						"type": 66,
						"formula": "$outputFields"
					},
					{
						"type": 66,
						"formula": "$outputDataclass"
					}
				]
			}
		]
	}
]