{
	"Sources/Methods/generateData.4dm": {
		"startSelection": 13,
		"endSelection": 13,
		"firstSelectedLine": 76,
		"lastSelectedLine": 76,
		"folding": [],
		"bookmarks": [],
		"stamp": "2025-03-04T15:09:22.868Z"
	},
	"Sources/Classes/GroqHandler.4dm": {
		"startSelection": 5,
		"endSelection": 5,
		"firstSelectedLine": 42,
		"lastSelectedLine": 42,
		"folding": [
			5
		],
		"bookmarks": [],
		"stamp": "2025-03-04T20:22:29.394Z"
	},
	"Sources/Classes/Contacts.4dm": {
		"startSelection": 23,
		"endSelection": 23,
		"firstSelectedLine": 0,
		"lastSelectedLine": 0,
		"folding": [],
		"bookmarks": [],
		"stamp": "2025-03-04T16:37:22.211Z"
	},
	"Sources/Classes/DataStore.4dm": {
		"startSelection": 67,
		"endSelection": 67,
		"firstSelectedLine": 22,
		"lastSelectedLine": 22,
		"folding": [],
		"bookmarks": [],
		"stamp": "2025-03-04T20:12:53.110Z"
	}
}