{
	"tables": {
		"Invoices": {
			"color": {
				"red": 255,
				"green": 255,
				"blue": 255,
				"alpha": 0
			},
			"coordinates": {
				"left": 878,
				"top": 63,
				"width": 478,
				"height": 340.33203125
			},
			"displayable_fields_count": 14
		},
		"Contacts": {
			"color": {
				"red": 255,
				"green": 255,
				"blue": 255,
				"alpha": 0
			},
			"coordinates": {
				"left": 305,
				"top": 55,
				"width": 364,
				"height": 334.33203125
			},
			"displayable_fields_count": 13
		}
	},
	"relations": {
		"3B67A1AEB33C484E963C2794A5E70C85": {
			"color": {
				"red": 240,
				"green": 240,
				"blue": 240,
				"alpha": 0
			}
		}
	}
}