[
	{
		"codeDescriptorWatches": [
			{
				"path": "[class]/GroqHandler/generateData",
				"watches": [
					{
						"type": 66,
						"formula": "$result",
						"expanded": true
					},
					{
						"type": 66,
						"formula": "$query"
					},
					{
						"type": 66,
						"formula": "EXECUTE FORMULA:C63($query)"
					},
					{
						"type": 66,
						"formula": "$outputData",
						"expanded": true
					}
				]
			},
			{
				"path": "test",
				"watches": [
					{
						"type": 66,
						"formula": "$t"
					}
				]
			}
		]
	}
]